﻿<?xml version="1.0" encoding="utf-8"?><Elements xmlns="http://schemas.microsoft.com/sharepoint/">
   <CustomAction Id="ZipDownloader" Location="CommandUI.Ribbon">
     <CommandUIExtension>
       <CommandUIDefinitions>
         <CommandUIDefinition Location="Ribbon.Documents.Copies.Controls._children">
           <Button Id="Ribbon.Documents.Copies.DownloadZip" Command="ZipDownloader" Sequence="15" Image16by16="/_layouts/15/images/ZipDownloader/16X16.png"
                   Image32by32="/_layouts/15/images/ZipDownloader/32X32.png" Description="Download zip" LabelText="Download as Zip" TemplateAlias="o1" />
        </CommandUIDefinition> 
      </CommandUIDefinitions> <CommandUIHandlers>
         <CommandUIHandler  Command="ZipDownloader" CommandAction="javascript:downloadZip();" EnabledScript="javascript:enable();"/>
      </CommandUIHandlers> 
    </CommandUIExtension> 
  </CustomAction> 
  <CustomAction Id="Ribbon.Library.Actions.Scripts"  Location="ScriptLink" ScriptSrc="/_layouts/15/ZipDownloader/CustomActions.js" />
</Elements>
