﻿<?xml version="1.0" encoding="utf-8"?>
<Solution xmlns="http://schemas.microsoft.com/sharepoint/" SolutionId="06cdb632-f616-4173-b7bf-88b0de61fb6e" SharePointProductVersion="15.0">
  <Assemblies>
    <Assembly Location="ZipDownloader.dll" DeploymentTarget="GlobalAssemblyCache" />
  </Assemblies>
  <TemplateFiles>
    <TemplateFile Location="Layouts\ZipDownloader\CustomActions.js" />
    <TemplateFile Location="Layouts\ZipDownloader\ZipDownloader.aspx" />
    <TemplateFile Location="Images\ZipDownloader\16X16.png" />
    <TemplateFile Location="Images\ZipDownloader\32X32.png" />
  </TemplateFiles>
  <FeatureManifests>
    <FeatureManifest Location="ZipDownloader_ZipDownloader\Feature.xml" />
  </FeatureManifests>
</Solution>
